Domain,Source,First_Seen_ISO,Notes
testenv.bobibanking.com,crt.sh:bobibanking.com,2025-11-10T18:15:52.871517+00:00,
www.intl.bobibanking.com,crt.sh:bobibanking.com,2025-11-10T18:15:52.871559+00:00,
cbstest.intl.bobibanking.com,crt.sh:bobibanking.com,2025-11-10T18:15:52.871564+00:00,
intl.bobibanking.com,crt.sh:bobibanking.com,2025-11-10T18:15:52.871569+00:00,
www.febatest.bobibanking.com,crt.sh:bobibanking.com,2025-11-10T18:15:52.871586+00:00,
www.bobibanking.com,crt.sh:bobibanking.com,2025-11-10T18:15:52.871599+00:00,
bobibanking.com,crt.sh:bobibanking.com,2025-11-10T18:15:52.871603+00:00,
wealth.bobibanking.com,crt.sh:bobibanking.com,2025-11-10T18:15:52.871605+00:00,
cbs.intl.bobibanking.com,crt.sh:bobibanking.com,2025-11-10T18:15:52.871608+00:00,
feba.bobibanking.com,crt.sh:bobibanking.com,2025-11-10T18:15:52.871617+00:00,
febatest.bobibanking.com,crt.sh:bobibanking.com,2025-11-10T18:15:52.871620+00:00,
www.feba.bobibanking.com,crt.sh:bobibanking.com,2025-11-10T18:15:52.871623+00:00,
www.hdfcbanksmartapply.com,crt.sh:hdfcbank,2025-11-10T18:16:18.103928+00:00,
p.hdfcbank,crt.sh:hdfcbank,2025-11-10T18:16:18.104018+00:00,
hdfcbank whitelabel,crt.sh:hdfcbank,2025-11-10T18:16:18.104053+00:00,
hdfcbanksmartapply.com,crt.sh:hdfcbank,2025-11-10T18:16:18.104074+00:00,
irm.iciciprulife.com,crt.sh:iciciprulife,2025-11-10T18:18:39.536052+00:00,
iciciprulife,crt.sh:iciciprulife,2025-11-10T18:18:39.536143+00:00,
indianoil total private limited,crt.sh:indianoil,2025-11-10T18:19:02.954329+00:00,
indianoil skytanking private limited,crt.sh:indianoil,2025-11-10T18:19:02.954383+00:00,
indianoil adani ventures limited,crt.sh:indianoil,2025-11-10T18:19:02.954396+00:00,
"iocl,cid - 4010569",crt.sh:iocl,2025-11-10T18:19:26.940597+00:00,
"iocl,cid - 3755899",crt.sh:iocl,2025-11-10T18:19:26.940646+00:00,
"iocl,cid - 3734503",crt.sh:iocl,2025-11-10T18:19:26.940667+00:00,
iocl-ajp8iitdok3lvcrokgz2kfeybzj,crt.sh:iocl,2025-11-10T18:19:26.940702+00:00,
iocl,crt.sh:iocl,2025-11-10T18:19:26.940722+00:00,
"iocl,cid - 3905518",crt.sh:iocl,2025-11-10T18:19:26.940742+00:00,
"iocl,cid - 3764343",crt.sh:iocl,2025-11-10T18:19:26.940761+00:00,
iocl new delhi,crt.sh:iocl,2025-11-10T18:19:26.940779+00:00,
iocletenders.gov.in,crt.sh:iocl,2025-11-10T18:19:26.940797+00:00,
"iocl,cid - 3742694",crt.sh:iocl,2025-11-10T18:19:26.940825+00:00,
"iocl,cid - 4014193",crt.sh:iocl,2025-11-10T18:19:26.940843+00:00,
"iocl,cid - 3728746",crt.sh:iocl,2025-11-10T18:19:26.940876+00:00,
www.irctc.co.in,crt.sh:irctc,2025-11-10T18:19:51.035536+00:00,
irctc-it5,crt.sh:irctc,2025-11-10T18:19:51.035620+00:00,
irctc-web4,crt.sh:irctc,2025-11-10T18:19:51.035639+00:00,
irctc-webtour2,crt.sh:irctc,2025-11-10T18:19:51.035650+00:00,
www.ecatering.irctc.co.in,crt.sh:irctc,2025-11-10T18:19:51.035660+00:00,
www.irctc.com,crt.sh:irctc,2025-11-10T18:19:51.035670+00:00,
irctc-web6,crt.sh:irctc,2025-11-10T18:19:51.035680+00:00,
irctc-web1,crt.sh:irctc,2025-11-10T18:19:51.035694+00:00,
www.payment.irctc.co.in,crt.sh:irctc,2025-11-10T18:19:51.035714+00:00,
irctc-web5,crt.sh:irctc,2025-11-10T18:19:51.035724+00:00,
irctc-it4,crt.sh:irctc,2025-11-10T18:19:51.036422+00:00,
irctc delhi,crt.sh:irctc,2025-11-10T18:19:51.036444+00:00,
irctc-delhi,crt.sh:irctc,2025-11-10T18:19:51.036459+00:00,
irctc-web8,crt.sh:irctc,2025-11-10T18:19:51.036469+00:00,
irctc-web9,crt.sh:irctc,2025-11-10T18:19:51.036479+00:00,
irctc.co.in,crt.sh:irctc,2025-11-10T18:19:51.036488+00:00,
irctc-payment1,crt.sh:irctc,2025-11-10T18:19:51.036497+00:00,
irctc-it6,crt.sh:irctc,2025-11-10T18:19:51.036506+00:00,
irctc,crt.sh:irctc,2025-11-10T18:19:51.036516+00:00,
agmit@irctc.com,crt.sh:irctc,2025-11-10T18:19:51.036525+00:00,
irctc-web7,crt.sh:irctc,2025-11-10T18:19:51.036535+00:00,
irctc-web3,crt.sh:irctc,2025-11-10T18:19:51.036544+00:00,
kavach--kavach-573a3.asia-southeast1.hosted.app,crt.sh:kavach,2025-11-10T18:20:15.112403+00:00,
inbintranet.onlinesbi.sbi,crt.sh:onlinesbi.sbi,2025-11-10T18:21:53.277655+00:00,
www.portalwm.onlinesbi.sbi,crt.sh:onlinesbi.sbi,2025-11-10T18:21:53.277694+00:00,
merchant.onlinesbi.sbi,crt.sh:onlinesbi.sbi,2025-11-10T18:21:53.277699+00:00,
www.uatretail.onlinesbi.sbi,crt.sh:onlinesbi.sbi,2025-11-10T18:21:53.278033+00:00,
www.corp.onlinesbi.sbi,crt.sh:onlinesbi.sbi,2025-11-10T18:21:53.278038+00:00,
corp.onlinesbi.sbi,crt.sh:onlinesbi.sbi,2025-11-10T18:21:53.278041+00:00,
www.merchantuat.onlinesbi.sbi,crt.sh:onlinesbi.sbi,2025-11-10T18:21:53.278047+00:00,
www.yonouatmerchant.onlinesbi.sbi,crt.sh:onlinesbi.sbi,2025-11-10T18:21:53.278051+00:00,
fs.onlinesbi.sbi,crt.sh:onlinesbi.sbi,2025-11-10T18:21:53.278054+00:00,
retailuat.onlinesbi.sbi,crt.sh:onlinesbi.sbi,2025-11-10T18:21:53.278058+00:00,
www.uat.onlinesbi.sbi,crt.sh:onlinesbi.sbi,2025-11-10T18:21:53.278061+00:00,
www.intralotus.onlinesbi.sbi,crt.sh:onlinesbi.sbi,2025-11-10T18:21:53.278064+00:00,
www.eforex.onlinesbi.sbi,crt.sh:onlinesbi.sbi,2025-11-10T18:21:53.278067+00:00,
www.yonouatintralotus.onlinesbi.sbi,crt.sh:onlinesbi.sbi,2025-11-10T18:21:53.278071+00:00,
mobilewm.onlinesbi.sbi,crt.sh:onlinesbi.sbi,2025-11-10T18:21:53.278074+00:00,
onlinesbi.sbi,crt.sh:onlinesbi.sbi,2025-11-10T18:21:53.278077+00:00,
yonoretuatinbintranet.onlinesbi.sbi,crt.sh:onlinesbi.sbi,2025-11-10T18:21:53.278080+00:00,
www.onlinesbi.sbi,crt.sh:onlinesbi.sbi,2025-11-10T18:21:53.278083+00:00,
www.uatmerchant.onlinesbi.sbi,crt.sh:onlinesbi.sbi,2025-11-10T18:21:53.278087+00:00,
www.mysbiworlduat.onlinesbi.sbi,crt.sh:onlinesbi.sbi,2025-11-10T18:21:53.278090+00:00,
www.retail.onlinesbi.sbi,crt.sh:onlinesbi.sbi,2025-11-10T18:21:53.278095+00:00,
uatmerchant.onlinesbi.sbi,crt.sh:onlinesbi.sbi,2025-11-10T18:21:53.278099+00:00,
www.dvmerchant.onlinesbi.sbi,crt.sh:onlinesbi.sbi,2025-11-10T18:21:53.278448+00:00,
www.inbsfg.onlinesbi.sbi,crt.sh:onlinesbi.sbi,2025-11-10T18:21:53.278452+00:00,
www.corpuat.onlinesbi.sbi,crt.sh:onlinesbi.sbi,2025-11-10T18:21:53.278455+00:00,
www.yonouatretail.onlinesbi.sbi,crt.sh:onlinesbi.sbi,2025-11-10T18:21:53.278459+00:00,
oaa.onlinesbi.sbi,crt.sh:onlinesbi.sbi,2025-11-10T18:21:53.278462+00:00,
retail.onlinesbi.sbi,crt.sh:onlinesbi.sbi,2025-11-10T18:21:53.278470+00:00,
www.mobilewm.onlinesbi.sbi,crt.sh:onlinesbi.sbi,2025-11-10T18:21:53.278473+00:00,
yonouatretail.onlinesbi.sbi,crt.sh:onlinesbi.sbi,2025-11-10T18:21:53.278477+00:00,
uatbbps.onlinesbi.sbi,crt.sh:onlinesbi.sbi,2025-11-10T18:21:53.278483+00:00,
uatretail.onlinesbi.sbi,crt.sh:onlinesbi.sbi,2025-11-10T18:21:53.278486+00:00,
www.yonoretuatinbintranet.onlinesbi.sbi,crt.sh:onlinesbi.sbi,2025-11-10T18:21:53.278496+00:00,
yonouatmerchant.onlinesbi.sbi,crt.sh:onlinesbi.sbi,2025-11-10T18:21:53.278499+00:00,
yonouatintralotus.onlinesbi.sbi,crt.sh:onlinesbi.sbi,2025-11-10T18:21:53.278502+00:00,
www.bbps.onlinesbi.sbi,crt.sh:onlinesbi.sbi,2025-11-10T18:21:53.278506+00:00,
www.uatbbps.onlinesbi.sbi,crt.sh:onlinesbi.sbi,2025-11-10T18:21:53.278509+00:00,
www.merchant.onlinesbi.sbi,crt.sh:onlinesbi.sbi,2025-11-10T18:21:53.278513+00:00,
eforex.onlinesbi.sbi,crt.sh:onlinesbi.sbi,2025-11-10T18:21:53.278516+00:00,
bbps.onlinesbi.sbi,crt.sh:onlinesbi.sbi,2025-11-10T18:21:53.278528+00:00,
uatcorp.onlinesbi.sbi,crt.sh:onlinesbi.sbi,2025-11-10T18:21:53.278531+00:00,
dvmerchant.onlinesbi.sbi,crt.sh:onlinesbi.sbi,2025-11-10T18:21:53.278534+00:00,
yfei.muat.web.intouch.onlinesbi.sbi,crt.sh:onlinesbi.sbi,2025-11-10T18:21:53.278537+00:00,
inbsfg.onlinesbi.sbi,crt.sh:onlinesbi.sbi,2025-11-10T18:21:53.278541+00:00,
portalwm.onlinesbi.sbi,crt.sh:onlinesbi.sbi,2025-11-10T18:21:53.278544+00:00,
www.fs.onlinesbi.sbi,crt.sh:onlinesbi.sbi,2025-11-10T18:21:53.278547+00:00,
www.inblotus.onlinesbi.sbi,crt.sh:onlinesbi.sbi,2025-11-10T18:21:53.278550+00:00,
uat.onlinesbi.sbi,crt.sh:onlinesbi.sbi,2025-11-10T18:21:53.278557+00:00,
www.inbintranet.onlinesbi.sbi,crt.sh:onlinesbi.sbi,2025-11-10T18:21:53.278560+00:00,
corpuat.onlinesbi.sbi,crt.sh:onlinesbi.sbi,2025-11-10T18:21:53.278564+00:00,
inblotus.onlinesbi.sbi,crt.sh:onlinesbi.sbi,2025-11-10T18:21:53.278567+00:00,
intralotus.onlinesbi.sbi,crt.sh:onlinesbi.sbi,2025-11-10T18:21:53.278570+00:00,
merchantuat.onlinesbi.sbi,crt.sh:onlinesbi.sbi,2025-11-10T18:21:53.278573+00:00,
esbtr.onlinesbi.sbi,crt.sh:onlinesbi.sbi,2025-11-10T18:21:53.278582+00:00,
mysbiworlduat.onlinesbi.sbi,crt.sh:onlinesbi.sbi,2025-11-10T18:21:53.278585+00:00,
www.uatcorp.onlinesbi.sbi,crt.sh:onlinesbi.sbi,2025-11-10T18:21:53.278588+00:00,
www.esbtr.onlinesbi.sbi,crt.sh:onlinesbi.sbi,2025-11-10T18:21:53.278592+00:00,
www.oaa.onlinesbi.sbi,crt.sh:onlinesbi.sbi,2025-11-10T18:21:53.278595+00:00,
www.retailuat.onlinesbi.sbi,crt.sh:onlinesbi.sbi,2025-11-10T18:21:53.278598+00:00,
www.yfei.muat.web.intouch.onlinesbi.sbi,crt.sh:onlinesbi.sbi,2025-11-10T18:21:53.278603+00:00,
mysbiworld.onlinesbi.sbi,crt.sh:onlinesbi.sbi,2025-11-10T18:21:53.278606+00:00,
www.mysbiworld.onlinesbi.sbi,crt.sh:onlinesbi.sbi,2025-11-10T18:21:53.278609+00:00,
sbicard,crt.sh:sbicard,2025-11-10T18:23:03.868218+00:00,
www.sbiepay.sbi,crt.sh:sbiepay.sbi,2025-11-10T18:23:40.837139+00:00,
sit.sbiepay.sbi,crt.sh:sbiepay.sbi,2025-11-10T18:23:40.837270+00:00,
admin.sbiepay.sbi,crt.sh:sbiepay.sbi,2025-11-10T18:23:40.837287+00:00,
preprod.sbiepay.sbi,crt.sh:sbiepay.sbi,2025-11-10T18:23:40.837306+00:00,
uat.sbiepay.sbi,crt.sh:sbiepay.sbi,2025-11-10T18:23:40.837824+00:00,
www.test.sbiepay.sbi,crt.sh:sbiepay.sbi,2025-11-10T18:23:40.837846+00:00,
sbiepay.sbi,crt.sh:sbiepay.sbi,2025-11-10T18:23:40.837857+00:00,
www.preprod.sbiepay.sbi,crt.sh:sbiepay.sbi,2025-11-10T18:23:40.837867+00:00,
test.sbiepay.sbi,crt.sh:sbiepay.sbi,2025-11-10T18:23:40.837878+00:00,
www.admin.sbiepay.sbi,crt.sh:sbiepay.sbi,2025-11-10T18:23:40.837896+00:00,
www.sit.sbiepay.sbi,crt.sh:sbiepay.sbi,2025-11-10T18:23:40.837922+00:00,
www.uat.sbiepay.sbi,crt.sh:sbiepay.sbi,2025-11-10T18:23:40.837933+00:00,
maroon-steadfast-dosa.glitch.me,crt.sh:%.glitch.me,2025-11-10T18:25:18.026850+00:00,tunnel/free-host
magic-humane-hamburger.glitch.me,crt.sh:%.glitch.me,2025-11-10T18:25:18.026995+00:00,tunnel/free-host
mlb-dd.glitch.me,crt.sh:%.glitch.me,2025-11-10T18:25:18.027014+00:00,tunnel/free-host
moddedtrucks.glitch.me,crt.sh:%.glitch.me,2025-11-10T18:25:18.027022+00:00,tunnel/free-host
polish-manga.glitch.me,crt.sh:%.glitch.me,2025-11-10T18:25:18.027038+00:00,tunnel/free-host
mewb.glitch.me,crt.sh:%.glitch.me,2025-11-10T18:25:18.027054+00:00,tunnel/free-host
great-kindly-syringa.glitch.me,crt.sh:%.glitch.me,2025-11-10T18:25:18.027064+00:00,tunnel/free-host
map-server2.glitch.me,crt.sh:%.glitch.me,2025-11-10T18:25:18.027070+00:00,tunnel/free-host
vikingxtanker.glitch.me,crt.sh:%.glitch.me,2025-11-10T18:25:18.027078+00:00,tunnel/free-host
staging.glitch.me,crt.sh:%.glitch.me,2025-11-10T18:25:18.027086+00:00,tunnel/free-host
rooster.glitch.me,crt.sh:%.glitch.me,2025-11-10T18:25:18.027092+00:00,tunnel/free-host
c00lra1n.glitch.me,crt.sh:%.glitch.me,2025-11-10T18:25:18.027099+00:00,tunnel/free-host
lapis-lazuli-link.glitch.me,crt.sh:%.glitch.me,2025-11-10T18:25:18.027124+00:00,tunnel/free-host
r6850.glitch.me,crt.sh:%.glitch.me,2025-11-10T18:25:18.027145+00:00,tunnel/free-host
wool-bubbly-xylophone.glitch.me,crt.sh:%.glitch.me,2025-11-10T18:25:18.027175+00:00,tunnel/free-host
www.magic-humane-hamburger.glitch.me,crt.sh:%.glitch.me,2025-11-10T18:25:18.027182+00:00,tunnel/free-host
routerssl.glitch.me,crt.sh:%.glitch.me,2025-11-10T18:25:18.027188+00:00,tunnel/free-host
www.wool-bubbly-xylophone.glitch.me,crt.sh:%.glitch.me,2025-11-10T18:25:18.027195+00:00,tunnel/free-host
xnews.glitch.me,crt.sh:%.glitch.me,2025-11-10T18:25:18.027203+00:00,tunnel/free-host
a-nice-story.glitch.me,crt.sh:%.glitch.me,2025-11-10T18:25:18.027209+00:00,tunnel/free-host
gamy-season-repair.glitch.me,crt.sh:%.glitch.me,2025-11-10T18:25:18.027215+00:00,tunnel/free-host
pixelbattle.glitch.me,crt.sh:%.glitch.me,2025-11-10T18:25:18.027221+00:00,tunnel/free-host
bubble-sloth.glitch.me,crt.sh:%.glitch.me,2025-11-10T18:25:18.027235+00:00,tunnel/free-host
coolstore.glitch.me,crt.sh:%.glitch.me,2025-11-10T18:25:18.027250+00:00,tunnel/free-host
thefuzix.glitch.me,crt.sh:%.glitch.me,2025-11-10T18:25:18.027741+00:00,tunnel/free-host
sushicorp.glitch.me,crt.sh:%.glitch.me,2025-11-10T18:25:18.027751+00:00,tunnel/free-host
unrestrict.glitch.me,crt.sh:%.glitch.me,2025-11-10T18:25:18.027758+00:00,tunnel/free-host
epicz.glitch.me,crt.sh:%.glitch.me,2025-11-10T18:25:18.027765+00:00,tunnel/free-host
deepstream.glitch.me,crt.sh:%.glitch.me,2025-11-10T18:25:18.027772+00:00,tunnel/free-host
glitch.me,crt.sh:%.glitch.me,2025-11-10T18:25:18.027779+00:00,tunnel/free-host
ej-mumble.glitch.me,crt.sh:%.glitch.me,2025-11-10T18:25:18.027796+00:00,tunnel/free-host
pixel-perfect.glitch.me,crt.sh:%.glitch.me,2025-11-10T18:25:18.027810+00:00,tunnel/free-host
www.great-kindly-syringa.glitch.me,crt.sh:%.glitch.me,2025-11-10T18:25:18.027826+00:00,tunnel/free-host
http-me.glitch.me,crt.sh:%.glitch.me,2025-11-10T18:25:18.027840+00:00,tunnel/free-host
www.murcielago09z.glitch.me,crt.sh:%.glitch.me,2025-11-10T18:25:18.028303+00:00,tunnel/free-host
extreme-rough-pirate-mega-abobusa.glitch.me,crt.sh:%.glitch.me,2025-11-10T18:25:18.028311+00:00,tunnel/free-host
learn-code-blog.glitch.me,crt.sh:%.glitch.me,2025-11-10T18:25:18.028319+00:00,tunnel/free-host
sthio-websocket.glitch.me,crt.sh:%.glitch.me,2025-11-10T18:25:18.028326+00:00,tunnel/free-host
9pfs.glitch.me,crt.sh:%.glitch.me,2025-11-10T18:25:18.028333+00:00,tunnel/free-host
www.xnews.glitch.me,crt.sh:%.glitch.me,2025-11-10T18:25:18.028346+00:00,tunnel/free-host
murcielago09z.glitch.me,crt.sh:%.glitch.me,2025-11-10T18:25:18.028353+00:00,tunnel/free-host
good-twisty-report.glitch.me,crt.sh:%.glitch.me,2025-11-10T18:25:18.028362+00:00,tunnel/free-host
cdn.glitch.me,crt.sh:%.glitch.me,2025-11-10T18:25:18.029244+00:00,tunnel/free-host
regular-aged-energy.glitch.me,crt.sh:%.glitch.me,2025-11-10T18:25:18.029259+00:00,tunnel/free-host
muur-proj.web.app,crt.sh:%.web.app,2025-11-10T18:25:53.733083+00:00,tunnel/free-host
giftcards-discount.web.app,crt.sh:%.web.app,2025-11-10T18:25:53.733155+00:00,tunnel/free-host
chapuzonemenu.web.app,crt.sh:%.web.app,2025-11-10T18:25:53.733165+00:00,tunnel/free-host
albertobada-564d4.web.app,crt.sh:%.web.app,2025-11-10T18:25:53.734269+00:00,tunnel/free-host
perkasa777slot.web.app,crt.sh:%.web.app,2025-11-10T18:25:53.734288+00:00,tunnel/free-host
drumreleaserail.web.app,crt.sh:%.web.app,2025-11-10T18:25:53.734298+00:00,tunnel/free-host
peliculas-19300.web.app,crt.sh:%.web.app,2025-11-10T18:25:53.734315+00:00,tunnel/free-host
dragon77keren.web.app,crt.sh:%.web.app,2025-11-10T18:25:53.734324+00:00,tunnel/free-host
web.app-tourdetohoku.2017,crt.sh:%.web.app,2025-11-10T18:25:53.734357+00:00,
sayeedthedev.web.app,crt.sh:%.web.app,2025-11-10T18:25:53.734370+00:00,tunnel/free-host
web.app,crt.sh:%.web.app,2025-11-10T18:25:53.734379+00:00,tunnel/free-host
webflow.io,crt.sh:%.webflow.io,2025-11-10T18:27:57.143780+00:00,tunnel/free-host
duckduckgo.com,"ddg:site:ngrok.io ""login""",2025-11-10T18:28:22.020388+00:00,
